{"(1.6, 0, 0)|1.0": 20737439.719446737, "(1.6, 0, 0)|2.0": 23974899.035691373, "(1.6, 0, 2)|1.5": 31422922.747224864, "(1.6, 0, 1)|1.0": 28766481.37078345, "(1.6, 1, 1)|1.0": 24647543.10156893, "(1.6, 2, 2)|1.0": 12739721.997936094, "(1.6, 2, 0)|1.0": 1701710.5003228523, "(1.6, 0, 0)|1.5": 20120071.15850377, "(1.6, 1, 1)|1.2": 24391978.557214744, "(1.6, 0, 0)|2.5": 19341924.476416033, "(1.6, 2, 2)|2.0": 17064184.291518882, "(1.6, 0, 0)|1.2": 19005758.036494046, "(1.6, 2, 0)|2.5": 1323722.127376728, "(1.6, 0, 2)|2.0": 23760136.340186015, "(1.6, 0, 2)|1.0": 18783573.076079767, "(1.6, 2, 2)|1.5": 15437189.152440172, "(1.6, 2, 2)|1.2": 16492082.711456114, "(1.6, 1, 1)|2.5": 24887113.544230215, "(1.6, 0, 1)|2.0": 12250861.991224341, "(1.6, 1, 1)|2.0": 28400319.62095829, "(1.6, 1, 1)|1.5": 23918256.42040921, "(1.6, 2, 2)|2.5": 16650288.981357072, "(1.6, 0, 2)|1.2": 21518915.458063014, "(1.6, 0, 2)|2.5": 23108306.627675265, "(1.6, 2, 0)|1.2": 957144.0447242368, "(1.6, 0, 1)|2.5": 13355965.660125861, "(1.6, 0, 1)|1.2": 6804987.106356092, "(1.6, 2, 0)|1.5": 1454651.6326349503, "(1.6, 2, 0)|2.0": 1657106.3126667992, "(1.6, 0, 1)|1.5": 6861479.728141883}